<?xml version="1.0" encoding="UTF-8" standalone="no"?>
<Envelope xmlns="pibr.002.spi.1.0.xsd">
    <AppHdr>
        <Fr>
            <FIId>
                <FinInstnId>
                    <Othr>
                        <Id>00101446</Id>
                    </Othr>
                </FinInstnId>
            </FIId>
        </Fr>
        <To>
            <FIId>
                <FinInstnId>
                    <Othr>
                        <Id>00512191</Id>
                    </Othr>
                </FinInstnId>
            </FIId>
        </To>
        <BizMsgIdr>M001014461e445b5e316d49e79b02232</BizMsgIdr>
        <MsgDefIdr>pibr.002.spi.1.0</MsgDefIdr>
        <CreDt>2020-01-17T12:27:54.179Z</CreDt>
        <Sgntr>
            <ds:Signature xmlns:ds="http://www.w3.org/2000/09/xmldsig#">
                <ds:SignedInfo>
                    <ds:CanonicalizationMethod Algorithm="http://www.w3.org/2001/10/xml-exc-c14n#"/>
                    <ds:SignatureMethod Algorithm="http://www.w3.org/2001/04/xmldsig-more#rsa-sha256"/>
                    <ds:Reference URI="#b2177f73-7685-39ac-83db-fa00ffd2b89c">
                        <ds:Transforms>
                            <ds:Transform Algorithm="http://www.w3.org/2001/10/xml-exc-c14n#"/>
                        </ds:Transforms>
                        <ds:DigestMethod Algorithm="http://www.w3.org/2001/04/xmlenc#sha256"/>
                        <ds:DigestValue>zqj93e6vEFVL2Pssc9nUdPweSYVxUadBaTebSuaCG0I=</ds:DigestValue>
                    </ds:Reference>
                    <ds:Reference URI="">
                        <ds:Transforms>
                            <ds:Transform Algorithm="http://www.w3.org/2000/09/xmldsig#enveloped-signature"/>
                            <ds:Transform Algorithm="http://www.w3.org/2001/10/xml-exc-c14n#"/>
                        </ds:Transforms>
                        <ds:DigestMethod Algorithm="http://www.w3.org/2001/04/xmlenc#sha256"/>
                        <ds:DigestValue>0FWSyQ8b2HzBBjGfSRBxjgxuLeNMtQ0IhsKRRw40Ws8=</ds:DigestValue>
                    </ds:Reference>
                    <ds:Reference>
                        <ds:Transforms>
                            <ds:Transform Algorithm="http://www.w3.org/2001/10/xml-exc-c14n#"/>
                        </ds:Transforms>
                        <ds:DigestMethod Algorithm="http://www.w3.org/2001/04/xmlenc#sha256"/>
                        <ds:DigestValue>7nBNQB9yo3SsBFjVKbXxo8SdhJv6wI1lg+RsIVpNVrU=</ds:DigestValue>
                    </ds:Reference>
                </ds:SignedInfo>
                <ds:SignatureValue>eOZ18UBNqEkL7ii7qZnqc/hM96uDBUP4Du7QIDvBlzbHYPYCk142dWbcUMe6PVz4Sp2911lD1ldI
                    Ki3fFu/f95l2JWpJwoONWVmdKFE8bQbPPFyARtENtNN6jrXvOUjGqrCT8rAq+zsvgjmNNMvExnge
                    g9QF90GLc92btRktVK/pOgRMveeWV47HxDEmCgQYAPaQkCC1Kmmnz7VgHW4LTMnDFOvGEGS4m5Rc
                    vHhJHrU+zoyhljQg2x6oZoAfvtaN07K21l/+vpous+Co7sYORhNNgwhv5Urcr/1LtsQY1UdbkRw0
                    a/DbDAlOnq3AVYNxUZXKPYzhVeOK1ngm4IuliA==
                </ds:SignatureValue>
                <ds:KeyInfo Id="b2177f73-7685-39ac-83db-fa00ffd2b89c">
                    <ds:X509Data>
                        <ds:X509IssuerSerial>
                            <ds:X509IssuerName>CN=SPI - Banco Central do Brasil</ds:X509IssuerName>
                            <ds:X509SerialNumber>17649420304715376549</ds:X509SerialNumber>
                        </ds:X509IssuerSerial>
                    </ds:X509Data>
                </ds:KeyInfo>
            </ds:Signature>
        </Sgntr>
    </AppHdr>
    <Document>
        <EchoRpt>
            <GrpHdr>
                <MsgId>M001014461e445b5e316d49e79b02232</MsgId>
                <CreDtTm>2020-01-17T12:27:54.179Z</CreDtTm>
            </GrpHdr>
            <EchoTxInf>
                <OrgnlData>Campo livre</OrgnlData>
            </EchoTxInf>
        </EchoRpt>
    </Document>
</Envelope>