<?xml version="1.0" encoding="UTF-8" standalone="no"?>
<Envelope xmlns="pibr.001.spi.1.0.xsd">
    <AppHdr>
        <Fr>
            <FIId>
                <FinInstnId>
                    <Othr>
                        <Id>00108683</Id>
                    </Othr>
                </FinInstnId>
            </FIId>
        </Fr>
        <To>
            <FIId>
                <FinInstnId>
                    <Othr>
                        <Id>00392159</Id>
                    </Othr>
                </FinInstnId>
            </FIId>
        </To>
        <BizMsgIdr>M00108683cca990eeb8be49efa8a92e0</BizMsgIdr>
        <MsgDefIdr>pibr.001.spi.1.0</MsgDefIdr>
        <CreDt>2020-01-17T12:27:54.165Z</CreDt>
        <Sgntr>
            <ds:Signature xmlns:ds="http://www.w3.org/2000/09/xmldsig#">
                <ds:SignedInfo>
                    <ds:CanonicalizationMethod Algorithm="http://www.w3.org/2001/10/xml-exc-c14n#"/>
                    <ds:SignatureMethod Algorithm="http://www.w3.org/2001/04/xmldsig-more#rsa-sha256"/>
                    <ds:Reference URI="#b2177f73-7685-39ac-83db-fa00ffd2b89c">
                        <ds:Transforms>
                            <ds:Transform Algorithm="http://www.w3.org/2001/10/xml-exc-c14n#"/>
                        </ds:Transforms>
                        <ds:DigestMethod Algorithm="http://www.w3.org/2001/04/xmlenc#sha256"/>
                        <ds:DigestValue>zqj93e6vEFVL2Pssc9nUdPweSYVxUadBaTebSuaCG0I=</ds:DigestValue>
                    </ds:Reference>
                    <ds:Reference URI="">
                        <ds:Transforms>
                            <ds:Transform Algorithm="http://www.w3.org/2000/09/xmldsig#enveloped-signature"/>
                            <ds:Transform Algorithm="http://www.w3.org/2001/10/xml-exc-c14n#"/>
                        </ds:Transforms>
                        <ds:DigestMethod Algorithm="http://www.w3.org/2001/04/xmlenc#sha256"/>
                        <ds:DigestValue>KKVj/UxqdDJIFfwkJ58p3HYe5sc2koaT/RB6M9dwtlY=</ds:DigestValue>
                    </ds:Reference>
                    <ds:Reference>
                        <ds:Transforms>
                            <ds:Transform Algorithm="http://www.w3.org/2001/10/xml-exc-c14n#"/>
                        </ds:Transforms>
                        <ds:DigestMethod Algorithm="http://www.w3.org/2001/04/xmlenc#sha256"/>
                        <ds:DigestValue>HNfoWJeAU8JQ9yyh+tFtR3GnYKfJ+JppIBxar1zh9Ec=</ds:DigestValue>
                    </ds:Reference>
                </ds:SignedInfo>
                <ds:SignatureValue>pIYPq2K/l1kLggjHTDbl+vI0EYc4axzOPjquKy7YH+n2bshoDhPSPBKI30E/xkT1KZJmYs6QUudz
                    y7Z1/fiwjbJwQPbj7tmkL7FV7xDovrc+VN9breCZ01CPrOxKALxJDo2PObDiVVzj37yxRMb/4rMY
                    56D8R7F5R6MXS8L4LoGV17yf+JwiF3eVi6WdvMWMesbG460GU8JUM+rRmRN+yvINN1wWzbzVJyhh
                    uLQWiF2TjCKY4APnrvtLo3TnzaZbmF0qT6W34ZB+/BSrdER7N1W6GGjykTX9Wi73ojgrPxmhzVsJ
                    gnhRkjqn+I2f6ulJOLbopB0keKgPf3veeATd3Q==
                </ds:SignatureValue>
                <ds:KeyInfo Id="b2177f73-7685-39ac-83db-fa00ffd2b89c">
                    <ds:X509Data>
                        <ds:X509IssuerSerial>
                            <ds:X509IssuerName>CN=SPI - Banco Central do Brasil</ds:X509IssuerName>
                            <ds:X509SerialNumber>17649420304715376549</ds:X509SerialNumber>
                        </ds:X509IssuerSerial>
                    </ds:X509Data>
                </ds:KeyInfo>
            </ds:Signature>
        </Sgntr>
    </AppHdr>
    <Document>
        <EchoReq>
            <GrpHdr>
                <MsgId>M00108683cca990eeb8be49efa8a92e0</MsgId>
                <CreDtTm>2020-01-17T12:27:54.165Z</CreDtTm>
            </GrpHdr>
            <EchoTxInf>
                <Data>Campo livre</Data>
            </EchoTxInf>
        </EchoReq>
    </Document>
</Envelope>